Designator,Footprint,Quantity,Value,LCSC Part #
J1,USB_C_Receptacle_Palconn_UTC16-G,1,USB_C_Receptacle_USB2.0,C165948
D1,LED_0603_1608Metric,1,LED_White,C2290
C2,C_0402_1005Metric,1,"0402,1uF,25V,X5R ",C52923
R1,R_0402_1005Metric,1,5.1K,C25905
R3,R_0402_1005Metric,1,"0402,1k",C11702
C1,C_0402_1005Metric,1,"0402,1uF,25V,X5R ",C52923
R4,R_0402_1005Metric,1,"0402,220",C25091
U1,SOT-223-3_TabPin2,1,AMS1117-3.3,
SW1,SW_PUSH_6mm,1,SW_Push,
R2,R_0402_1005Metric,1,5.1K,C25905
U2,SOIC-16_3.9x9.9mm_P1.27mm,1,CH340C,C84681
J2,YXT-BB10-10P-02,1,BB10-10P-02,C2763970
